role,name,key,team
Top-order batsman,Sourav Ganguly,agpkZXZ-Y3AtZGV2chYLEgZQbGF5ZXIiCnBsYXllcl8wMDEM,team_pune
Wicketkeeper,Eklavya Diwedi,agpkZXZ-Y3AtZGV2chYLEgZQbGF5ZXIiCnBsYXllcl8wMDIM,team_pune
Middle-order batsman,Michael Clarke,agpkZXZ-Y3AtZGV2chYLEgZQbGF5ZXIiCnBsYXllcl8wMDMM,team_pune
Bowler,Ashok Dinda,agpkZXZ-Y3AtZGV2chYLEgZQbGF5ZXIiCnBsYXllcl8wMDQM,team_pune
Middle-order batsman,Callum Ferguson,agpkZXZ-Y3AtZGV2chYLEgZQbGF5ZXIiCnBsYXllcl8wMDUM,team_pune
Allrounder,Raiphi Gomez,agpkZXZ-Y3AtZGV2chYLEgZQbGF5ZXIiCnBsYXllcl8wMDYM,team_pune
Batsman,Harpreet Singh,agpkZXZ-Y3AtZGV2chYLEgZQbGF5ZXIiCnBsYXllcl8wMDcM,team_pune
Allrounder,James Hopes,agpkZXZ-Y3AtZGV2chYLEgZQbGF5ZXIiCnBsYXllcl8wMDgM,team_pune
Batsman,Dheeraj Jadhav,agpkZXZ-Y3AtZGV2chYLEgZQbGF5ZXIiCnBsYXllcl8wMDkM,team_pune
Bowler,Kamran Khan,agpkZXZ-Y3AtZGV2chYLEgZQbGF5ZXIiCnBsYXllcl8wMTAM,team_pune
Bowler,Murali Kartik,agpkZXZ-Y3AtZGV2chYLEgZQbGF5ZXIiCnBsYXllcl8wMTEM,team_pune
Opening batsman,Harshad Khadiwale,agpkZXZ-Y3AtZGV2chYLEgZQbGF5ZXIiCnBsYXllcl8wMTIM,team_pune
Bowler,Bhuvneshwar Kumar,agpkZXZ-Y3AtZGV2chYLEgZQbGF5ZXIiCnBsYXllcl8wMTMM,team_pune
Bowler,Nathan McCullum,agpkZXZ-Y3AtZGV2chYLEgZQbGF5ZXIiCnBsYXllcl8wMTQM,team_pune
Batsman,Anustup Majumdar,agpkZXZ-Y3AtZGV2chYLEgZQbGF5ZXIiCnBsYXllcl8wMTUM,team_pune
Allrounder,Mithun Manhas,agpkZXZ-Y3AtZGV2chYLEgZQbGF5ZXIiCnBsYXllcl8wMTYM,team_pune
Allrounder,Angelo Mathews,agpkZXZ-Y3AtZGV2chYLEgZQbGF5ZXIiCnBsYXllcl8wMTcM,team_pune
Batsman,Mohnish  Mishra,agpkZXZ-Y3AtZGV2chYLEgZQbGF5ZXIiCnBsYXllcl8wMTgM,team_pune
Bowler,Ali Murtaza,agpkZXZ-Y3AtZGV2chYLEgZQbGF5ZXIiCnBsYXllcl8wMTkM,team_pune
Bowler,Ashish Nehra,agpkZXZ-Y3AtZGV2chYLEgZQbGF5ZXIiCnBsYXllcl8wMjAM,team_pune
Top-order batsman,Manish Pandey,agpkZXZ-Y3AtZGV2chYLEgZQbGF5ZXIiCnBsYXllcl8wMjEM,team_pune
Bowler,Wayne Parnell,agpkZXZ-Y3AtZGV2chYLEgZQbGF5ZXIiCnBsYXllcl8wMjIM,team_pune
Bowler,Sachin Rana,agpkZXZ-Y3AtZGV2chYLEgZQbGF5ZXIiCnBsYXllcl8wMjMM,team_pune
Allrounder,Jesse Ryder,agpkZXZ-Y3AtZGV2chYLEgZQbGF5ZXIiCnBsYXllcl8wMjQM,team_pune
Batsman,Marlon Samuels,agpkZXZ-Y3AtZGV2chYLEgZQbGF5ZXIiCnBsYXllcl8wMjUM,team_pune
Bowler,Rahul Sharma,agpkZXZ-Y3AtZGV2chYLEgZQbGF5ZXIiCnBsYXllcl8wMjYM,team_pune
Opening batsman,Graeme Smith,agpkZXZ-Y3AtZGV2chYLEgZQbGF5ZXIiCnBsYXllcl8wMjcM,team_pune
Allrounder,Steven Smith,agpkZXZ-Y3AtZGV2chYLEgZQbGF5ZXIiCnBsYXllcl8wMjgM,team_pune
Bowler,Alfonso Thomas,agpkZXZ-Y3AtZGV2chYLEgZQbGF5ZXIiCnBsYXllcl8wMjkM,team_pune
Bowler,Krishnakant  Upadhyay,agpkZXZ-Y3AtZGV2chYLEgZQbGF5ZXIiCnBsYXllcl8wMzAM,team_pune
Batsman,Robin Uthappa,agpkZXZ-Y3AtZGV2chYLEgZQbGF5ZXIiCnBsYXllcl8wMzEM,team_pune
Allrounder,Shrikant Wagh,agpkZXZ-Y3AtZGV2chYLEgZQbGF5ZXIiCnBsYXllcl8wMzIM,team_pune
Allrounder,Luke Wright,agpkZXZ-Y3AtZGV2chYLEgZQbGF5ZXIiCnBsYXllcl8wMzMM,team_pune
Middle-order batsman,Yuvraj Singh,agpkZXZ-Y3AtZGV2chYLEgZQbGF5ZXIiCnBsYXllcl8wMzQM,team_pune
Top-order batsman,Mitchell Marsh,agpkZXZ-Y3AtZGV2chYLEgZQbGF5ZXIiCnBsYXllcl8wMzUM,team_pune
Top-order batsman,Virender Sehwag,agpkZXZ-Y3AtZGV2chYLEgZQbGF5ZXIiCnBsYXllcl8wMzYM,team_delhi
Batsman,Manprit Juneja,agpkZXZ-Y3AtZGV2chYLEgZQbGF5ZXIiCnBsYXllcl8wMzcM,team_delhi
Bowler,Varun Aaron,agpkZXZ-Y3AtZGV2chYLEgZQbGF5ZXIiCnBsYXllcl8wMzgM,team_delhi
Bowler,Ajit Agarkar,agpkZXZ-Y3AtZGV2chYLEgZQbGF5ZXIiCnBsYXllcl8wMzkM,team_delhi
Batsman,Puneet Bisht,agpkZXZ-Y3AtZGV2chYLEgZQbGF5ZXIiCnBsYXllcl8wNDAM,team_delhi
Middle-order batsman,Robin Bist,agpkZXZ-Y3AtZGV2chYLEgZQbGF5ZXIiCnBsYXllcl8wNDEM,team_delhi
Batsman,Gulam Bodi,agpkZXZ-Y3AtZGV2chYLEgZQbGF5ZXIiCnBsYXllcl8wNDIM,team_delhi
Bowler,Doug Bracewell,agpkZXZ-Y3AtZGV2chYLEgZQbGF5ZXIiCnBsYXllcl8wNDMM,team_delhi
Top-order batsman,Unmukt Chand,agpkZXZ-Y3AtZGV2chYLEgZQbGF5ZXIiCnBsYXllcl8wNDQM,team_delhi
Top-order batsman,Aaron Finch,agpkZXZ-Y3AtZGV2chYLEgZQbGF5ZXIiCnBsYXllcl8wNDUM,team_delhi
Batsman,Mahela Jayawardene,agpkZXZ-Y3AtZGV2chYLEgZQbGF5ZXIiCnBsYXllcl8wNDYM,team_delhi
Allrounder,Glenn Maxwell,agpkZXZ-Y3AtZGV2chYLEgZQbGF5ZXIiCnBsYXllcl8wNDcM,team_delhi
Bowler,Morne Morkel,agpkZXZ-Y3AtZGV2chYLEgZQbGF5ZXIiCnBsYXllcl8wNDgM,team_delhi
Bowler,Shahbaz Nadeem,agpkZXZ-Y3AtZGV2chYLEgZQbGF5ZXIiCnBsYXllcl8wNDkM,team_delhi
Allrounder,Yogesh Nagar,agpkZXZ-Y3AtZGV2chYLEgZQbGF5ZXIiCnBsYXllcl8wNTAM,team_delhi
Middle-order batsman,Prashant Naik,agpkZXZ-Y3AtZGV2chYLEgZQbGF5ZXIiCnBsYXllcl8wNTEM,team_delhi
Allrounder,Pawan Negi,agpkZXZ-Y3AtZGV2chYLEgZQbGF5ZXIiCnBsYXllcl8wNTIM,team_delhi
Wicketkeeper batsman,Naman Ojha,agpkZXZ-Y3AtZGV2chYLEgZQbGF5ZXIiCnBsYXllcl8wNTMM,team_delhi
Allrounder,Irfan Pathan,agpkZXZ-Y3AtZGV2chYLEgZQbGF5ZXIiCnBsYXllcl8wNTQM,team_delhi
Top-order batsman,Kevin Pietersen,agpkZXZ-Y3AtZGV2chYLEgZQbGF5ZXIiCnBsYXllcl8wNTUM,team_delhi
Batsman,Kuldeep Raval,agpkZXZ-Y3AtZGV2chYLEgZQbGF5ZXIiCnBsYXllcl8wNTYM,team_delhi
Allrounder,Andre Russell,agpkZXZ-Y3AtZGV2chYLEgZQbGF5ZXIiCnBsYXllcl8wNTcM,team_delhi
Bowler,Aavishkar Salvi,agpkZXZ-Y3AtZGV2chYLEgZQbGF5ZXIiCnBsYXllcl8wNTgM,team_delhi
Middle-order batsman,Ross Taylor,agpkZXZ-Y3AtZGV2chYLEgZQbGF5ZXIiCnBsYXllcl8wNTkM,team_delhi
Allrounder,Roelof van der Merwe,agpkZXZ-Y3AtZGV2chYLEgZQbGF5ZXIiCnBsYXllcl8wNjAM,team_delhi
Middle-order batsman,Venugopal Rao,agpkZXZ-Y3AtZGV2chYLEgZQbGF5ZXIiCnBsYXllcl8wNjEM,team_delhi
Bowler,Vikas Mishra,agpkZXZ-Y3AtZGV2chYLEgZQbGF5ZXIiCnBsYXllcl8wNjIM,team_delhi
Opening batsman,David Warner,agpkZXZ-Y3AtZGV2chYLEgZQbGF5ZXIiCnBsYXllcl8wNjMM,team_delhi
Middle-order batsman,Tejashwi Yadav,agpkZXZ-Y3AtZGV2chYLEgZQbGF5ZXIiCnBsYXllcl8wNjQM,team_delhi
Bowler,Umesh Yadav,agpkZXZ-Y3AtZGV2chYLEgZQbGF5ZXIiCnBsYXllcl8wNjUM,team_delhi
Middle-order batsman,Travis Birt,agpkZXZ-Y3AtZGV2chYLEgZQbGF5ZXIiCnBsYXllcl8wNjYM,team_delhi
Top-order batsman,Colin Ingram,agpkZXZ-Y3AtZGV2chYLEgZQbGF5ZXIiCnBsYXllcl8wNjcM,team_delhi
Wicketkeeper batsman,Adam Gilchrist,agpkZXZ-Y3AtZGV2chYLEgZQbGF5ZXIiCnBsYXllcl8wNjgM,team_punjab
Bowler,Parvinder Awana,agpkZXZ-Y3AtZGV2chYLEgZQbGF5ZXIiCnBsYXllcl8wNjkM,team_punjab
Bowler,Love Ablish,agpkZXZ-Y3AtZGV2chYLEgZQbGF5ZXIiCnBsYXllcl8wNzAM,team_punjab
Allrounder,Amit Yadav,agpkZXZ-Y3AtZGV2chYLEgZQbGF5ZXIiCnBsYXllcl8wNzEM,team_punjab
Allrounder,Azhar Mahmood,agpkZXZ-Y3AtZGV2chYLEgZQbGF5ZXIiCnBsYXllcl8wNzIM,team_punjab
Bowler,Bhargav Bhatt,agpkZXZ-Y3AtZGV2chYLEgZQbGF5ZXIiCnBsYXllcl8wNzMM,team_punjab
Allrounder,Bipul Sharma,agpkZXZ-Y3AtZGV2chYLEgZQbGF5ZXIiCnBsYXllcl8wNzQM,team_punjab
Bowler,Stuart Broad,agpkZXZ-Y3AtZGV2chYLEgZQbGF5ZXIiCnBsYXllcl8wNzUM,team_punjab
Allrounder,Piyush Chawla,agpkZXZ-Y3AtZGV2chYLEgZQbGF5ZXIiCnBsYXllcl8wNzYM,team_punjab
Batsman,Siddharth Chitnis,agpkZXZ-Y3AtZGV2chYLEgZQbGF5ZXIiCnBsYXllcl8wNzcM,team_punjab
Batsman,Paras Dogra,agpkZXZ-Y3AtZGV2chYLEgZQbGF5ZXIiCnBsYXllcl8wNzgM,team_punjab
Allrounder,James Faulkner,agpkZXZ-Y3AtZGV2chYLEgZQbGF5ZXIiCnBsYXllcl8wNzkM,team_punjab
Bowler,Harmeet Singh,agpkZXZ-Y3AtZGV2chYLEgZQbGF5ZXIiCnBsYXllcl8wODAM,team_punjab
Bowler,Ryan Harris,agpkZXZ-Y3AtZGV2chYLEgZQbGF5ZXIiCnBsYXllcl8wODEM,team_punjab
Allrounder,David Hussey,agpkZXZ-Y3AtZGV2chYLEgZQbGF5ZXIiCnBsYXllcl8wODIM,team_punjab
Bowler,Praveen Kumar,agpkZXZ-Y3AtZGV2chYLEgZQbGF5ZXIiCnBsYXllcl8wODMM,team_punjab
Bowler,Vikramjeet Malik,agpkZXZ-Y3AtZGV2chYLEgZQbGF5ZXIiCnBsYXllcl8wODQM,team_punjab
Allrounder,Mandeep Singh,agpkZXZ-Y3AtZGV2chYLEgZQbGF5ZXIiCnBsYXllcl8wODUM,team_punjab
Top-order batsman,Shaun Marsh,agpkZXZ-Y3AtZGV2chYLEgZQbGF5ZXIiCnBsYXllcl8wODYM,team_punjab
Allrounder,Dimitri Mascarenhas,agpkZXZ-Y3AtZGV2chYLEgZQbGF5ZXIiCnBsYXllcl8wODcM,team_punjab
Middle-order batsman,David Miller,agpkZXZ-Y3AtZGV2chYLEgZQbGF5ZXIiCnBsYXllcl8wODgM,team_punjab
Allrounder,Abhishek Nayar,agpkZXZ-Y3AtZGV2chYLEgZQbGF5ZXIiCnBsYXllcl8wODkM,team_punjab
Bowler,Ramesh Powar,agpkZXZ-Y3AtZGV2chYLEgZQbGF5ZXIiCnBsYXllcl8wOTAM,team_punjab
Bowler,Nathan Rimmington,agpkZXZ-Y3AtZGV2chYLEgZQbGF5ZXIiCnBsYXllcl8wOTEM,team_punjab
Batsman,Nitin Saini,agpkZXZ-Y3AtZGV2chYLEgZQbGF5ZXIiCnBsYXllcl8wOTIM,team_punjab
Allrounder,Rajagopal Sathish,agpkZXZ-Y3AtZGV2chYLEgZQbGF5ZXIiCnBsYXllcl8wOTMM,team_punjab
Bowler,Shalabh Srivastava,agpkZXZ-Y3AtZGV2chYLEgZQbGF5ZXIiCnBsYXllcl8wOTQM,team_punjab
Batsman,Sunny Singh,agpkZXZ-Y3AtZGV2chYLEgZQbGF5ZXIiCnBsYXllcl8wOTUM,team_punjab
Batsman,Paul Valthaty,agpkZXZ-Y3AtZGV2chYLEgZQbGF5ZXIiCnBsYXllcl8wOTYM,team_punjab
Top-order batsman,Gautam Gambhir,agpkZXZ-Y3AtZGV2chYLEgZQbGF5ZXIiCnBsYXllcl8wOTcM,team_kolkata
Bowler,Sarabjit Ladda,agpkZXZ-Y3AtZGV2chYLEgZQbGF5ZXIiCnBsYXllcl8wOTgM,team_kolkata
Bowler,Lakshmipathy Balaji,agpkZXZ-Y3AtZGV2chYLEgZQbGF5ZXIiCnBsYXllcl8wOTkM,team_kolkata
Allrounder,Rajat Bhatia,agpkZXZ-Y3AtZGV2chYLEgZQbGF5ZXIiCnBsYXllcl8xMDAM,team_kolkata
Wicketkeeper,Manvinder  Bisla,agpkZXZ-Y3AtZGV2chYLEgZQbGF5ZXIiCnBsYXllcl8xMDEM,team_kolkata
Batsman,Debabrata Das,agpkZXZ-Y3AtZGV2chYLEgZQbGF5ZXIiCnBsYXllcl8xMDIM,team_kolkata
Bowler,Marchant De Lange,agpkZXZ-Y3AtZGV2chYLEgZQbGF5ZXIiCnBsYXllcl8xMDMM,team_kolkata
Wicketkeeper batsman,Brad Haddin,agpkZXZ-Y3AtZGV2chYLEgZQbGF5ZXIiCnBsYXllcl8xMDQM,team_kolkata
Allrounder,Iqbal Abdulla,agpkZXZ-Y3AtZGV2chYLEgZQbGF5ZXIiCnBsYXllcl8xMDUM,team_kolkata
Batsman,Chirag Jani,agpkZXZ-Y3AtZGV2chYLEgZQbGF5ZXIiCnBsYXllcl8xMDYM,team_kolkata
Allrounder,jacques Kallis,agpkZXZ-Y3AtZGV2chYLEgZQbGF5ZXIiCnBsYXllcl8xMDcM,team_kolkata
Bowler,Brett Lee,agpkZXZ-Y3AtZGV2chYLEgZQbGF5ZXIiCnBsYXllcl8xMDgM,team_kolkata
Wicketkeeper batsman,Brendon McCullum,agpkZXZ-Y3AtZGV2chYLEgZQbGF5ZXIiCnBsYXllcl8xMDkM,team_kolkata
Middle-order batsman,Eoin Morgan,agpkZXZ-Y3AtZGV2chYLEgZQbGF5ZXIiCnBsYXllcl8xMTAM,team_kolkata
Bowler,Sunil Narine,agpkZXZ-Y3AtZGV2chYLEgZQbGF5ZXIiCnBsYXllcl8xMTEM,team_kolkata
Allrounder,Yusuf Pathan,agpkZXZ-Y3AtZGV2chYLEgZQbGF5ZXIiCnBsYXllcl8xMTIM,team_kolkata
Bowler,James Pattinson,agpkZXZ-Y3AtZGV2chYLEgZQbGF5ZXIiCnBsYXllcl8xMTMM,team_kolkata
Batsman,Sanju Samson,agpkZXZ-Y3AtZGV2chYLEgZQbGF5ZXIiCnBsYXllcl8xMTQM,team_kolkata
Bowler,Pradeep Sangwan,agpkZXZ-Y3AtZGV2chYLEgZQbGF5ZXIiCnBsYXllcl8xMTUM,team_kolkata
Bowler,Iresh Saxena,agpkZXZ-Y3AtZGV2chYLEgZQbGF5ZXIiCnBsYXllcl8xMTYM,team_kolkata
Bowler,Shami Ahmed,agpkZXZ-Y3AtZGV2chYLEgZQbGF5ZXIiCnBsYXllcl8xMTcM,team_kolkata
Allrounder,Shakib Al Hasan,agpkZXZ-Y3AtZGV2chYLEgZQbGF5ZXIiCnBsYXllcl8xMTgM,team_kolkata
Allrounder,Laxmi Shukla,agpkZXZ-Y3AtZGV2chYLEgZQbGF5ZXIiCnBsYXllcl8xMTkM,team_kolkata
Allrounder,Ryan ten Doeschate,agpkZXZ-Y3AtZGV2chYLEgZQbGF5ZXIiCnBsYXllcl8xMjAM,team_kolkata
Batsman,Manoj Tiwary,agpkZXZ-Y3AtZGV2chYLEgZQbGF5ZXIiCnBsYXllcl8xMjEM,team_kolkata
Bowler,Jaydev Unadkat,agpkZXZ-Y3AtZGV2chYLEgZQbGF5ZXIiCnBsYXllcl8xMjIM,team_kolkata
Wicketkeeper batsman,Kumar Sangakkara,agpkZXZ-Y3AtZGV2chYLEgZQbGF5ZXIiCnBsYXllcl8xMjMM,team_hyderabad
Bowler,Ashish Reddy,agpkZXZ-Y3AtZGV2chYLEgZQbGF5ZXIiCnBsYXllcl8xMjQM,team_hyderabad
Bowler,Anand Rajan,agpkZXZ-Y3AtZGV2chYLEgZQbGF5ZXIiCnBsYXllcl8xMjUM,team_hyderabad
Bowler,Ankit Sharma,agpkZXZ-Y3AtZGV2chYLEgZQbGF5ZXIiCnBsYXllcl8xMjYM,team_hyderabad
Bowler,Tekkami Atchuta Rao,agpkZXZ-Y3AtZGV2chYLEgZQbGF5ZXIiCnBsYXllcl8xMjcM,team_hyderabad
Bowler,Akash Bhandari,agpkZXZ-Y3AtZGV2chYLEgZQbGF5ZXIiCnBsYXllcl8xMjgM,team_hyderabad
Batsman,Darren Bravo,agpkZXZ-Y3AtZGV2chYLEgZQbGF5ZXIiCnBsYXllcl8xMjkM,team_hyderabad
Batsman,Bharat Chipli,agpkZXZ-Y3AtZGV2chYLEgZQbGF5ZXIiCnBsYXllcl8xMzAM,team_hyderabad
Allrounder,Daniel Christian,agpkZXZ-Y3AtZGV2chYLEgZQbGF5ZXIiCnBsYXllcl8xMzEM,team_hyderabad
Wicketkeeper,Kedar Devdhar,agpkZXZ-Y3AtZGV2chYLEgZQbGF5ZXIiCnBsYXllcl8xMzIM,team_hyderabad
Top-order batsman,Shikhar Dhawan,agpkZXZ-Y3AtZGV2chYLEgZQbGF5ZXIiCnBsYXllcl8xMzMM,team_hyderabad
Middle-order batsman,Jean-Paul Duminy,agpkZXZ-Y3AtZGV2chYLEgZQbGF5ZXIiCnBsYXllcl8xMzQM,team_hyderabad
Bowler,Manpreet Gony,agpkZXZ-Y3AtZGV2chYLEgZQbGF5ZXIiCnBsYXllcl8xMzUM,team_hyderabad
Batsman,Daniel Harris,agpkZXZ-Y3AtZGV2chYLEgZQbGF5ZXIiCnBsYXllcl8xMzYM,team_hyderabad
Batsman,Ishank Jaggi,agpkZXZ-Y3AtZGV2chYLEgZQbGF5ZXIiCnBsYXllcl8xMzcM,team_hyderabad
Batsman,Abhishek Jhunjhunwala,agpkZXZ-Y3AtZGV2chYLEgZQbGF5ZXIiCnBsYXllcl8xMzgM,team_hyderabad
Batsman,Chris Lynn,agpkZXZ-Y3AtZGV2chYLEgZQbGF5ZXIiCnBsYXllcl8xMzkM,team_hyderabad
Bowler,Amit Mishra,agpkZXZ-Y3AtZGV2chYLEgZQbGF5ZXIiCnBsYXllcl8xNDAM,team_hyderabad
Middle-order batsman,Tanmay Mishra,agpkZXZ-Y3AtZGV2chYLEgZQbGF5ZXIiCnBsYXllcl8xNDEM,team_hyderabad
Wicketkeeper batsman,Parthiv Patel,agpkZXZ-Y3AtZGV2chYLEgZQbGF5ZXIiCnBsYXllcl8xNDIM,team_hyderabad
Bowler,Veer Pratap Singh,agpkZXZ-Y3AtZGV2chYLEgZQbGF5ZXIiCnBsYXllcl8xNDMM,team_hyderabad
Allrounder,Syed Quadri,agpkZXZ-Y3AtZGV2chYLEgZQbGF5ZXIiCnBsYXllcl8xNDQM,team_hyderabad
Batsman,Dwaraka Ravi Teja,agpkZXZ-Y3AtZGV2chYLEgZQbGF5ZXIiCnBsYXllcl8xNDUM,team_hyderabad
Batsman,Akshath Reddy,agpkZXZ-Y3AtZGV2chYLEgZQbGF5ZXIiCnBsYXllcl8xNDYM,team_hyderabad
Batsman,Biplab Samantray,agpkZXZ-Y3AtZGV2chYLEgZQbGF5ZXIiCnBsYXllcl8xNDcM,team_hyderabad
Bowler,Ishant Sharma,agpkZXZ-Y3AtZGV2chYLEgZQbGF5ZXIiCnBsYXllcl8xNDgM,team_hyderabad
Bowler,Sneha Kishore,agpkZXZ-Y3AtZGV2chYLEgZQbGF5ZXIiCnBsYXllcl8xNDkM,team_hyderabad
Batsman,Sunny Sohal,agpkZXZ-Y3AtZGV2chYLEgZQbGF5ZXIiCnBsYXllcl8xNTAM,team_hyderabad
Top-order batsman,Tanmay Srivastava,agpkZXZ-Y3AtZGV2chYLEgZQbGF5ZXIiCnBsYXllcl8xNTEM,team_hyderabad
Bowler,Dale Steyn,agpkZXZ-Y3AtZGV2chYLEgZQbGF5ZXIiCnBsYXllcl8xNTIM,team_hyderabad
Bowler,TP Sudhindra,agpkZXZ-Y3AtZGV2chYLEgZQbGF5ZXIiCnBsYXllcl8xNTMM,team_hyderabad
Bowler,Rusty Theron,agpkZXZ-Y3AtZGV2chYLEgZQbGF5ZXIiCnBsYXllcl8xNTQM,team_hyderabad
Middle-order batsman,Cameron White,agpkZXZ-Y3AtZGV2chYLEgZQbGF5ZXIiCnBsYXllcl8xNTUM,team_hyderabad
Batsman,Arjun Yadav,agpkZXZ-Y3AtZGV2chYLEgZQbGF5ZXIiCnBsYXllcl8xNTYM,team_hyderabad
Top-order batsman,Sachin Tendulkar,agpkZXZ-Y3AtZGV2chYLEgZQbGF5ZXIiCnBsYXllcl8xNTcM,team_mumbai
Bowler,Abu Nechim,agpkZXZ-Y3AtZGV2chYLEgZQbGF5ZXIiCnBsYXllcl8xNTgM,team_mumbai
Batsman,Amitoze Singh,agpkZXZ-Y3AtZGV2chYLEgZQbGF5ZXIiCnBsYXllcl8xNTkM,team_mumbai
Batsman,Aliden Blizzard,agpkZXZ-Y3AtZGV2chYLEgZQbGF5ZXIiCnBsYXllcl8xNjAM,team_mumbai
Bowler,Yuzvendra Chahal,agpkZXZ-Y3AtZGV2chYLEgZQbGF5ZXIiCnBsYXllcl8xNjEM,team_mumbai
Allrounder,James Franklin,agpkZXZ-Y3AtZGV2chYLEgZQbGF5ZXIiCnBsYXllcl8xNjIM,team_mumbai
Batsman,Herschelle Gibbs,agpkZXZ-Y3AtZGV2chYLEgZQbGF5ZXIiCnBsYXllcl8xNjMM,team_mumbai
Bowler,Harbhajan Singh,agpkZXZ-Y3AtZGV2chYLEgZQbGF5ZXIiCnBsYXllcl8xNjQM,team_mumbai
Wicketkeeper batsman,Davy Jacobs,agpkZXZ-Y3AtZGV2chYLEgZQbGF5ZXIiCnBsYXllcl8xNjUM,team_mumbai
Bowler,Mitchell Johnson,agpkZXZ-Y3AtZGV2chYLEgZQbGF5ZXIiCnBsYXllcl8xNjYM,team_mumbai
Wicketkeeper batsman,Dinesh Karthik,agpkZXZ-Y3AtZGV2chYLEgZQbGF5ZXIiCnBsYXllcl8xNjcM,team_mumbai
Bowler,Dhawal Kulkarni,agpkZXZ-Y3AtZGV2chYLEgZQbGF5ZXIiCnBsYXllcl8xNjgM,team_mumbai
Batsman,Richard Levi,agpkZXZ-Y3AtZGV2chYLEgZQbGF5ZXIiCnBsYXllcl8xNjkM,team_mumbai
Bowler,Clint McKay,agpkZXZ-Y3AtZGV2chYLEgZQbGF5ZXIiCnBsYXllcl8xNzAM,team_mumbai
Bowler,Lasith Malinga,agpkZXZ-Y3AtZGV2chYLEgZQbGF5ZXIiCnBsYXllcl8xNzEM,team_mumbai
Wicketkeeper,Sushant Marathe,agpkZXZ-Y3AtZGV2chYLEgZQbGF5ZXIiCnBsYXllcl8xNzIM,team_mumbai
Bowler,Sujit Nayak,agpkZXZ-Y3AtZGV2chYLEgZQbGF5ZXIiCnBsYXllcl8xNzMM,team_mumbai
Bowler,Pragyan Ojha,agpkZXZ-Y3AtZGV2chYLEgZQbGF5ZXIiCnBsYXllcl8xNzQM,team_mumbai
Bowler,Munaf Patel,agpkZXZ-Y3AtZGV2chYLEgZQbGF5ZXIiCnBsYXllcl8xNzUM,team_mumbai
Allrounder,Thisara Perera,agpkZXZ-Y3AtZGV2chYLEgZQbGF5ZXIiCnBsYXllcl8xNzYM,team_mumbai
Bowler,Robin Peterson,agpkZXZ-Y3AtZGV2chYLEgZQbGF5ZXIiCnBsYXllcl8xNzcM,team_mumbai
Allrounder,Kieron Pollard,agpkZXZ-Y3AtZGV2chYLEgZQbGF5ZXIiCnBsYXllcl8xNzgM,team_mumbai
Wicketkeeper batsman,Ambati Rayudu,agpkZXZ-Y3AtZGV2chYLEgZQbGF5ZXIiCnBsYXllcl8xNzkM,team_mumbai
Batsman,Jaydev Shah,agpkZXZ-Y3AtZGV2chYLEgZQbGF5ZXIiCnBsYXllcl8xODAM,team_mumbai
Batsman,Rohit Sharma,agpkZXZ-Y3AtZGV2chYLEgZQbGF5ZXIiCnBsYXllcl8xODEM,team_mumbai
Bowler,Rahul Shukla,agpkZXZ-Y3AtZGV2chYLEgZQbGF5ZXIiCnBsYXllcl8xODIM,team_mumbai
Bowler,RP Singh,agpkZXZ-Y3AtZGV2chYLEgZQbGF5ZXIiCnBsYXllcl8xODMM,team_mumbai
Batsman,Tirumalasetti Suman,agpkZXZ-Y3AtZGV2chYLEgZQbGF5ZXIiCnBsYXllcl8xODQM,team_mumbai
Bowler,Pawan Suyal,agpkZXZ-Y3AtZGV2chYLEgZQbGF5ZXIiCnBsYXllcl8xODUM,team_mumbai
Wicketkeeper,Aditya Tare,agpkZXZ-Y3AtZGV2chYLEgZQbGF5ZXIiCnBsYXllcl8xODYM,team_mumbai
Batsman,Apoorv Wankhade,agpkZXZ-Y3AtZGV2chYLEgZQbGF5ZXIiCnBsYXllcl8xODcM,team_mumbai
Batsman,Suryakumar Yadav,agpkZXZ-Y3AtZGV2chYLEgZQbGF5ZXIiCnBsYXllcl8xODgM,team_mumbai
Wicketkeeper batsman,MS Dhoni,agpkZXZ-Y3AtZGV2chYLEgZQbGF5ZXIiCnBsYXllcl8xODkM,team_chennai
Top-order batsman,Srikkanth Anirudha,agpkZXZ-Y3AtZGV2chYLEgZQbGF5ZXIiCnBsYXllcl8xOTAM,team_chennai
Bowler,Ravichandran Ashwin,agpkZXZ-Y3AtZGV2chYLEgZQbGF5ZXIiCnBsYXllcl8xOTEM,team_chennai
Middle-order batsman,Subramaniam Badrinath,agpkZXZ-Y3AtZGV2chYLEgZQbGF5ZXIiCnBsYXllcl8xOTIM,team_chennai
Top-order batsman,George Bailey,agpkZXZ-Y3AtZGV2chYLEgZQbGF5ZXIiCnBsYXllcl8xOTMM,team_chennai
Bowler,Doug Bollinger,agpkZXZ-Y3AtZGV2chYLEgZQbGF5ZXIiCnBsYXllcl8xOTQM,team_chennai
Allrounder,Dwayne Bravo,agpkZXZ-Y3AtZGV2chYLEgZQbGF5ZXIiCnBsYXllcl8xOTUM,team_chennai
Allrounder,Faf du Plessis,agpkZXZ-Y3AtZGV2chYLEgZQbGF5ZXIiCnBsYXllcl8xOTYM,team_chennai
Bowler,Ben Hilfenhaus,agpkZXZ-Y3AtZGV2chYLEgZQbGF5ZXIiCnBsYXllcl8xOTcM,team_chennai
Middle-order batsman,Michael Hussey,agpkZXZ-Y3AtZGV2chYLEgZQbGF5ZXIiCnBsYXllcl8xOTgM,team_chennai
Allrounder,Ravindra Jadeja,agpkZXZ-Y3AtZGV2chYLEgZQbGF5ZXIiCnBsYXllcl8xOTkM,team_chennai
Bowler,Shadab Jakati,agpkZXZ-Y3AtZGV2chYLEgZQbGF5ZXIiCnBsYXllcl8yMDAM,team_chennai
Allrounder,Joginder Sharma,agpkZXZ-Y3AtZGV2chYLEgZQbGF5ZXIiCnBsYXllcl8yMDEM,team_chennai
Bowler,Suraj Randiv,agpkZXZ-Y3AtZGV2chYLEgZQbGF5ZXIiCnBsYXllcl8yMDIM,team_chennai
Bowler,Nuwan Kulasekara,agpkZXZ-Y3AtZGV2chYLEgZQbGF5ZXIiCnBsYXllcl8yMDMM,team_chennai
Allrounder,Yo Mahesh,agpkZXZ-Y3AtZGV2chYLEgZQbGF5ZXIiCnBsYXllcl8yMDQM,team_chennai
Allrounder,Albie Morkel,agpkZXZ-Y3AtZGV2chYLEgZQbGF5ZXIiCnBsYXllcl8yMDUM,team_chennai
Top-order batsman,Abhinav Mukund,agpkZXZ-Y3AtZGV2chYLEgZQbGF5ZXIiCnBsYXllcl8yMDYM,team_chennai
Batsman,Suresh Raina,agpkZXZ-Y3AtZGV2chYLEgZQbGF5ZXIiCnBsYXllcl8yMDcM,team_chennai
Wicketkeeper,Wriddhiman Saha,agpkZXZ-Y3AtZGV2chYLEgZQbGF5ZXIiCnBsYXllcl8yMDgM,team_chennai
Allrounder,Scott Styris,agpkZXZ-Y3AtZGV2chYLEgZQbGF5ZXIiCnBsYXllcl8yMDkM,team_chennai
Bowler,Sudeep Tyagi,agpkZXZ-Y3AtZGV2chYLEgZQbGF5ZXIiCnBsYXllcl8yMTAM,team_chennai
Batsman,Kuthethurshri Vasudevadas,agpkZXZ-Y3AtZGV2chYLEgZQbGF5ZXIiCnBsYXllcl8yMTEM,team_chennai
Allrounder,Ganapathi Vignesh,agpkZXZ-Y3AtZGV2chYLEgZQbGF5ZXIiCnBsYXllcl8yMTIM,team_chennai
Opening batsman,Murali Vijay,agpkZXZ-Y3AtZGV2chYLEgZQbGF5ZXIiCnBsYXllcl8yMTMM,team_chennai
Allrounder,Daniel Vettori,agpkZXZ-Y3AtZGV2chYLEgZQbGF5ZXIiCnBsYXllcl8yMTQM,team_bangalore
Batsman,Mayank Agarwal,agpkZXZ-Y3AtZGV2chYLEgZQbGF5ZXIiCnBsYXllcl8yMTUM,team_bangalore
Bowler,KP Appanna,agpkZXZ-Y3AtZGV2chYLEgZQbGF5ZXIiCnBsYXllcl8yMTYM,team_bangalore
Bowler,Sreenath Aravind,agpkZXZ-Y3AtZGV2chYLEgZQbGF5ZXIiCnBsYXllcl8yMTcM,team_bangalore
Batsman,Arun Karthik,agpkZXZ-Y3AtZGV2chYLEgZQbGF5ZXIiCnBsYXllcl8yMTgM,team_bangalore
Allrounder,Raju Bhatkal,agpkZXZ-Y3AtZGV2chYLEgZQbGF5ZXIiCnBsYXllcl8yMTkM,team_bangalore
Wicketkeeper batsman,AB de Villiers,agpkZXZ-Y3AtZGV2chYLEgZQbGF5ZXIiCnBsYXllcl8yMjAM,team_bangalore
Allrounder,Tillakaratne Dilshan,agpkZXZ-Y3AtZGV2chYLEgZQbGF5ZXIiCnBsYXllcl8yMjEM,team_bangalore
Wicketkeeper,Muralidharen Gautam,agpkZXZ-Y3AtZGV2chYLEgZQbGF5ZXIiCnBsYXllcl8yMjIM,team_bangalore
Allrounder,Chris Gayle,agpkZXZ-Y3AtZGV2chYLEgZQbGF5ZXIiCnBsYXllcl8yMjMM,team_bangalore
Batsman,Mohammad Kaif,agpkZXZ-Y3AtZGV2chYLEgZQbGF5ZXIiCnBsYXllcl8yMjQM,team_bangalore
Bowler,Abrar Kazi,agpkZXZ-Y3AtZGV2chYLEgZQbGF5ZXIiCnBsYXllcl8yMjUM,team_bangalore
Bowler,Zaheer Khan,agpkZXZ-Y3AtZGV2chYLEgZQbGF5ZXIiCnBsYXllcl8yMjYM,team_bangalore
Middle-order batsman,Virat Kohli,agpkZXZ-Y3AtZGV2chYLEgZQbGF5ZXIiCnBsYXllcl8yMjcM,team_bangalore
Bowler,Charl Langeveldt,agpkZXZ-Y3AtZGV2chYLEgZQbGF5ZXIiCnBsYXllcl8yMjgM,team_bangalore
Allrounder,Andrew McDonald,agpkZXZ-Y3AtZGV2chYLEgZQbGF5ZXIiCnBsYXllcl8yMjkM,team_bangalore
Bowler,Abhimanyu Mithun,agpkZXZ-Y3AtZGV2chYLEgZQbGF5ZXIiCnBsYXllcl8yMzAM,team_bangalore
Bowler,Muttiah Muralitharan,agpkZXZ-Y3AtZGV2chYLEgZQbGF5ZXIiCnBsYXllcl8yMzEM,team_bangalore
Batsman,Karun Nair,agpkZXZ-Y3AtZGV2chYLEgZQbGF5ZXIiCnBsYXllcl8yMzIM,team_bangalore
Bowler,Dirk Nannes,agpkZXZ-Y3AtZGV2chYLEgZQbGF5ZXIiCnBsYXllcl8yMzMM,team_bangalore
Allrounder,Ryan Ninan,agpkZXZ-Y3AtZGV2chYLEgZQbGF5ZXIiCnBsYXllcl8yMzQM,team_bangalore
Bowler,Harshal Patel,agpkZXZ-Y3AtZGV2chYLEgZQbGF5ZXIiCnBsYXllcl8yMzUM,team_bangalore
Bowler,Asad Pathan,agpkZXZ-Y3AtZGV2chYLEgZQbGF5ZXIiCnBsYXllcl8yMzYM,team_bangalore
Batsman,Luke Pomersbach,agpkZXZ-Y3AtZGV2chYLEgZQbGF5ZXIiCnBsYXllcl8yMzcM,team_bangalore
Batsman,Cheteshwar Pujara,agpkZXZ-Y3AtZGV2chYLEgZQbGF5ZXIiCnBsYXllcl8yMzgM,team_bangalore
Batsman,Rilee Rossouw,agpkZXZ-Y3AtZGV2chYLEgZQbGF5ZXIiCnBsYXllcl8yMzkM,team_bangalore
Bowler,Jamaluddin Syed Mohammad,agpkZXZ-Y3AtZGV2chYLEgZQbGF5ZXIiCnBsYXllcl8yNDAM,team_bangalore
Batsman,Saurabh Tiwary,agpkZXZ-Y3AtZGV2chYLEgZQbGF5ZXIiCnBsYXllcl8yNDEM,team_bangalore
Bowler,Vinay Kumar,agpkZXZ-Y3AtZGV2chYLEgZQbGF5ZXIiCnBsYXllcl8yNDIM,team_bangalore
Batsman,Vijay Zol,agpkZXZ-Y3AtZGV2chYLEgZQbGF5ZXIiCnBsYXllcl8yNDMM,team_bangalore
Top-order batsman,Rahul Dravid,agpkZXZ-Y3AtZGV2chYLEgZQbGF5ZXIiCnBsYXllcl8yNDQM,team_rajasthan
Allrounder,Stuart Binny,agpkZXZ-Y3AtZGV2chYLEgZQbGF5ZXIiCnBsYXllcl8yNDUM,team_rajasthan
Allrounder,Johan Botha,agpkZXZ-Y3AtZGV2chYLEgZQbGF5ZXIiCnBsYXllcl8yNDYM,team_rajasthan
Bowler,Deepak Chahar,agpkZXZ-Y3AtZGV2chYLEgZQbGF5ZXIiCnBsYXllcl8yNDcM,team_rajasthan
Wicketkeeper batsman,Dinesh Chandimal,agpkZXZ-Y3AtZGV2chYLEgZQbGF5ZXIiCnBsYXllcl8yNDgM,team_rajasthan
Batsman,Ankeet Chavan,agpkZXZ-Y3AtZGV2chYLEgZQbGF5ZXIiCnBsYXllcl8yNDkM,team_rajasthan
Batsman,Aakash Chopra,agpkZXZ-Y3AtZGV2chYLEgZQbGF5ZXIiCnBsYXllcl8yNTAM,team_rajasthan
Allrounder,Paul Collingwood,agpkZXZ-Y3AtZGV2chYLEgZQbGF5ZXIiCnBsYXllcl8yNTEM,team_rajasthan
Bowler,Kevon Cooper,agpkZXZ-Y3AtZGV2chYLEgZQbGF5ZXIiCnBsYXllcl8yNTIM,team_rajasthan
Bowler,Aditya Dole,agpkZXZ-Y3AtZGV2chYLEgZQbGF5ZXIiCnBsYXllcl8yNTMM,team_rajasthan
Bowler,Samad Fallah,agpkZXZ-Y3AtZGV2chYLEgZQbGF5ZXIiCnBsYXllcl8yNTQM,team_rajasthan
Opening batsman,Faiz Fazal,agpkZXZ-Y3AtZGV2chYLEgZQbGF5ZXIiCnBsYXllcl8yNTUM,team_rajasthan
Wicketkeeper batsman,Shreevats Goswami,agpkZXZ-Y3AtZGV2chYLEgZQbGF5ZXIiCnBsYXllcl8yNTYM,team_rajasthan
Top-order batsman,Brad Hodge,agpkZXZ-Y3AtZGV2chYLEgZQbGF5ZXIiCnBsYXllcl8yNTcM,team_rajasthan
Allrounder,Brad Hogg,agpkZXZ-Y3AtZGV2chYLEgZQbGF5ZXIiCnBsYXllcl8yNTgM,team_rajasthan
Allrounder,Ashok Menaria,agpkZXZ-Y3AtZGV2chYLEgZQbGF5ZXIiCnBsYXllcl8yNTkM,team_rajasthan
Allrounder,Sumit Narwal,agpkZXZ-Y3AtZGV2chYLEgZQbGF5ZXIiCnBsYXllcl8yNjAM,team_rajasthan
Bowler,Pankaj Singh,agpkZXZ-Y3AtZGV2chYLEgZQbGF5ZXIiCnBsYXllcl8yNjEM,team_rajasthan
Wicketkeeper batsman,Amit Paunikar,agpkZXZ-Y3AtZGV2chYLEgZQbGF5ZXIiCnBsYXllcl8yNjIM,team_rajasthan
Top-order batsman,Ajinkya Rahane,agpkZXZ-Y3AtZGV2chYLEgZQbGF5ZXIiCnBsYXllcl8yNjMM,team_rajasthan
Allrounder,Abhishek Raut,agpkZXZ-Y3AtZGV2chYLEgZQbGF5ZXIiCnBsYXllcl8yNjQM,team_rajasthan
Batsman,Owais Shah,agpkZXZ-Y3AtZGV2chYLEgZQbGF5ZXIiCnBsYXllcl8yNjUM,team_rajasthan
Wicketkeeper batsman,Pinal Shah,agpkZXZ-Y3AtZGV2chYLEgZQbGF5ZXIiCnBsYXllcl8yNjYM,team_rajasthan
Bowler,Amit Singh,agpkZXZ-Y3AtZGV2chYLEgZQbGF5ZXIiCnBsYXllcl8yNjcM,team_rajasthan
Bowler,Sreesanth,agpkZXZ-Y3AtZGV2chYLEgZQbGF5ZXIiCnBsYXllcl8yNjgM,team_rajasthan
Bowler,Shaun Tait,agpkZXZ-Y3AtZGV2chYLEgZQbGF5ZXIiCnBsYXllcl8yNjkM,team_rajasthan
Bowler,Siddharth Trivedi,agpkZXZ-Y3AtZGV2chYLEgZQbGF5ZXIiCnBsYXllcl8yNzAM,team_rajasthan
Allrounder,Shane Watson,agpkZXZ-Y3AtZGV2chYLEgZQbGF5ZXIiCnBsYXllcl8yNzEM,team_rajasthan
Wicketkeeper,Dishant Yagnik,agpkZXZ-Y3AtZGV2chYLEgZQbGF5ZXIiCnBsYXllcl8yNzIM,team_rajasthan
